{"rmse_prophet_best_with_suppliers": 113.76239629811175, "mape_prophet_best_with_suppliers": 12.822015111853979}