{"rmse_prophet_best": 89.46018922218984, "mape_prophet_best": 9.658131513091737}