{"rmse_prophet_best_with_suppliers": 35.027066656124845, "mape_prophet_best_with_suppliers": 4.074937420441132}