{"rmse_prophet_best": 65.34723889424122, "mape_prophet_best": 6.62370825279747}