{"rmse_prophet_best_with_suppliers": 58.555629267830646, "mape_prophet_best_with_suppliers": 6.501896167175672}