{"rmse_prophet_best_with_suppliers": 59.330096888516785, "mape_prophet_best_with_suppliers": 6.736006958059217}