{"rmse_prophet_best": 102.6177140993464, "mape_prophet_best": 11.28182095535381}