{"rmse_prophet_best_with_suppliers": 34.269183175537634, "mape_prophet_best_with_suppliers": 4.0245138245970224}