{"rmse_prophet_best_with_suppliers": 44.146941253717316, "mape_prophet_best_with_suppliers": 5.015904733113205}