{"rmse_prophet_best_with_suppliers": 56.41959614123688, "mape_prophet_best_with_suppliers": 6.3222984377728135}