{"rmse_prophet_best_with_suppliers": 43.93834173595918, "mape_prophet_best_with_suppliers": 5.101547918643334}