{"rmse_prophet_best_with_suppliers": 53.49431832329737, "mape_prophet_best_with_suppliers": 5.9762239979114335}