{"rmse_prophet_best": 65.48565052287978, "mape_prophet_best": 6.660954725136518}