{"rmse_prophet_best": 102.67801168152953, "mape_prophet_best": 11.290908261484876}