{"rmse_prophet_best": 65.79222754282031, "mape_prophet_best": 6.707679716202576}