{"rmse_prophet_best_with_suppliers": 40.390917678555084, "mape_prophet_best_with_suppliers": 4.771421459190517}