{"rmse_prophet_best": 102.55817156230107, "mape_prophet_best": 11.280802531723245}