{"rmse_prophet_best_with_suppliers": 58.39888901221398, "mape_prophet_best_with_suppliers": 6.403370313798415}