{"rmse_prophet_best": 65.43690150494974, "mape_prophet_best": 6.6404479643506455}