{"rmse_prophet_best": 102.52974110751545, "mape_prophet_best": 11.281433185385154}