{"rmse_prophet_best_with_suppliers": 43.398696214667545, "mape_prophet_best_with_suppliers": 5.037144408402684}