{"rmse_prophet_best_with_suppliers": 36.49734989975769, "mape_prophet_best_with_suppliers": 4.212069354076657}