{"rmse_prophet_best_with_suppliers": 57.76631370240274, "mape_prophet_best_with_suppliers": 6.413548078034778}