{"rmse_prophet_best_with_suppliers": 53.75808368591861, "mape_prophet_best_with_suppliers": 6.051886314536013}